Kristen Evans,Kristen,Evans,female,KristenEvans@hotmail.com,9402752799900,Virginia,South Darylberg,"Engineer, drilling",1976-01-06,583868457172,781
Kevin Molina,Kevin,Molina,male,KevinMolina@hotmail.com,5596363670427,Utah,Lake Lucas,Economist,1977-05-09,2221757512821228,591
Nicole Pitts,Nicole,Pitts,female,NicolePitts@yahoo.com,2602758700851,Utah,West Gabrielle,"Sales professional, IT",1972-02-23,4023396778415,356
David Mills,David,Mills,male,DavidMills@yahoo.com,5646982455728,Indiana,Clintonmouth,Music therapist,1967-10-03,4853607652173438,258
Kristina Barnes,Kristina,Barnes,female,KristinaBarnes@gmail.com,6168670594661,Rhode Island,Stephenbury,"Psychologist, clinical",1955-09-10,3525272398177837,565
Justin James,Justin,James,male,JustinJames@hotmail.com,5167479943512,Alaska,New Scottland,Petroleum engineer,1997-10-02,4878803694764,028
Debra Long,Debra,Long,female,DebraLong@yahoo.com,3051370103977,Wisconsin,Hughesbury,"Engineer, chemical",1988-12-12,30131157541480,870
Adam Burns,Adam,Burns,male,AdamBurns@yahoo.com,0816279613894,Massachusetts,New Leslie,Equality and diversity officer,1938-11-22,378750007280880,100
Kaitlyn Foster,Kaitlyn,Foster,female,KaitlynFoster@yahoo.com,1616959475615,Kentucky,Ruthchester,"Therapist, occupational",1958-12-17,6575856255080266,516
Richard Watson,Richard,Watson,male,RichardWatson@hotmail.com,3027971003242,Illinois,West Beth,Lexicographer,1955-01-04,30220633862980,070
Melinda Kaiser,Melinda,Kaiser,female,MelindaKaiser@gmail.com,2221097925291,Oklahoma,Toddfort,Chief Strategy Officer,2000-06-19,4151859332514718,2675
Matthew James,Matthew,James,male,MatthewJames@gmail.com,0869611447324,Idaho,South Brandonhaven,Systems developer,1999-10-07,3544279601043190,770
Sherry Porter,Sherry,Porter,female,SherryPorter@hotmail.com,7773849602962,Oregon,Jonesshire,"Buyer, retail",1976-04-17,4376514229932353,128
William Garcia,William,Garcia,male,WilliamGarcia@hotmail.com,8156177484741,Alaska,Wyattstad,Personal assistant,1956-01-11,4560854887758,7777
Tracy Greene,Tracy,Greene,female,TracyGreene@hotmail.com,1662087349811,Ohio,Malloryland,Publishing copy,1973-05-27,377251765026772,785
Kenneth Mccoy,Kenneth,Mccoy,male,KennethMccoy@hotmail.com,4081735134463,Delaware,New Williamshire,Barista,1972-11-30,3593862464219849,347
Cathy Brown,Cathy,Brown,female,CathyBrown@yahoo.com,5654452136116,Minnesota,Lake Michaelfort,Leisure centre manager,1968-07-31,5518316458486176,580
James Pittman,James,Pittman,male,JamesPittman@hotmail.com,2413680784642,Mississippi,Mathewsville,"Administrator, local government",1944-04-02,6538468524604276,880
Sylvia Smith,Sylvia,Smith,female,SylviaSmith@gmail.com,9587140829779,Pennsylvania,Tonyaport,"Conservator, furniture",1952-12-22,180047976248602,077
Peter Sullivan,Peter,Sullivan,male,PeterSullivan@hotmail.com,9960126870818,Missouri,Lake Ericastad,Sports administrator,1956-03-17,30517647457081,7661
Shelly Bradford,Shelly,Bradford,female,ShellyBradford@gmail.com,2683357934885,Arizona,New Kristenshire,"Designer, textile",1956-04-30,38132893280005,180
Joseph Holland,Joseph,Holland,male,JosephHolland@gmail.com,5783267110871,Rhode Island,Bobberg,Building services engineer,1984-04-09,4538148550721,688
Emily Ray,Emily,Ray,female,EmilyRay@hotmail.com,3105184706519,Arizona,South Kimberly,Recruitment consultant,1940-06-18,4087182825837084600,735
Michael Martinez,Michael,Martinez,male,MichaelMartinez@yahoo.com,1635206074122,Montana,Justinshire,Quarry manager,1974-08-19,676246986266,747
Tara Ross,Tara,Ross,female,TaraRoss@gmail.com,0824353767465,South Carolina,Michaeltown,Music therapist,1971-10-12,4265790463942,210
Hunter Sanchez,Hunter,Sanchez,male,HunterSanchez@hotmail.com,1319454201930,Nebraska,Ramosside,"Loss adjuster, chartered",1975-11-07,4603482120599734746,768
Alice Patterson,Alice,Patterson,female,AlicePatterson@hotmail.com,3850978125020,Nebraska,New Donald,Forensic scientist,1962-10-18,3501521622227661,003
John Cannon,John,Cannon,male,JohnCannon@gmail.com,3564267131450,Arkansas,South Jonathantown,Health physicist,1960-05-12,6011716537635349,6927
Julie Webb,Julie,Webb,female,JulieWebb@yahoo.com,0982019347262,Colorado,North Elizabethtown,Associate Professor,1959-04-16,6544348508312116,775
Clifford Cortez,Clifford,Cortez,male,CliffordCortez@yahoo.com,2142958046869,Utah,Andreaburgh,Forensic psychologist,1952-04-01,213146070314715,654
Carla Garcia,Carla,Garcia,female,CarlaGarcia@yahoo.com,6645561676118,North Carolina,East Davidton,Homeopath,1996-01-29,345177608711149,915
Daniel Roberts,Daniel,Roberts,male,DanielRoberts@yahoo.com,9407184079119,Hawaii,West Melissa,Ceramics designer,1951-05-30,30308435251633,094
Samantha Williams,Samantha,Williams,female,SamanthaWilliams@yahoo.com,9247820087377,Illinois,New Garrett,Plant breeder/geneticist,1974-12-27,180017566859001,017
Mark Larson,Mark,Larson,male,MarkLarson@gmail.com,7918701830212,Arkansas,Changfurt,"Horticulturist, commercial",1982-01-27,4501685974052197572,644
Alyssa Moore,Alyssa,Moore,female,AlyssaMoore@yahoo.com,7670947997613,Oregon,Colonmouth,Special effects artist,1946-02-09,4610030013242483,114
John Townsend,John,Townsend,male,JohnTownsend@yahoo.com,6580158068949,South Dakota,Michaelshire,Metallurgist,1962-12-13,6011538730217596,048
Sarah Williams,Sarah,Williams,female,SarahWilliams@gmail.com,1476864448878,New Mexico,Jamesmouth,Nature conservation officer,1968-05-06,4544361197362669,551
Nicholas Watson,Nicholas,Watson,male,NicholasWatson@gmail.com,8474930089913,South Dakota,Ronaldchester,Quantity surveyor,1938-10-31,4637846278568323,370
Shelley Huff,Shelley,Huff,female,ShelleyHuff@gmail.com,8714298424233,Arkansas,Tannerview,Health visitor,1967-04-01,30330610655826,792
Richard Anthony,Richard,Anthony,male,RichardAnthony@yahoo.com,5789063876644,Virginia,North Heidishire,Television/film/video producer,1941-07-17,4705332796705517326,825
Amber Weber,Amber,Weber,female,AmberWeber@hotmail.com,4345092700370,Nebraska,Powellview,Recycling officer,1978-04-21,30574684026550,645
Christopher Garcia,Christopher,Garcia,male,ChristopherGarcia@yahoo.com,6463142031952,Nebraska,South Saraberg,"Development worker, international aid",1956-02-06,344660463269817,904
Deborah Woods,Deborah,Woods,female,DeborahWoods@hotmail.com,9937966409924,Missouri,Villaside,Counsellor,1949-02-27,378327919632043,441
Mitchell Smith,Mitchell,Smith,male,MitchellSmith@hotmail.com,0138886328210,Tennessee,North Tamara,Medical illustrator,1962-07-31,30588661650331,835
Ashley Hayden,Ashley,Hayden,female,AshleyHayden@yahoo.com,2350150600214,Kentucky,Port Timothy,Diagnostic radiographer,1945-03-24,180086778915075,584
William Powers,William,Powers,male,WilliamPowers@gmail.com,2187458146645,Delaware,Hughesside,Metallurgist,1939-02-27,4729130332091633,767
Melody Perkins,Melody,Perkins,female,MelodyPerkins@hotmail.com,1622315404603,South Carolina,East Roberttown,Futures trader,1985-06-11,4713049749084833,213
Brian King,Brian,King,male,BrianKing@hotmail.com,4359286848000,Hawaii,North Andrew,Careers adviser,1984-09-07,372574596778740,141
Sandra Fisher,Sandra,Fisher,female,SandraFisher@yahoo.com,3038189951585,Wisconsin,South Richard,"Therapist, occupational",1985-07-12,38412454503635,141
Andrew Russell,Andrew,Russell,male,AndrewRussell@gmail.com,6987981799210,Indiana,Hernandezchester,Dance movement psychotherapist,1979-11-19,3550949538926698,391
Alexandra Robinson,Alexandra,Robinson,female,AlexandraRobinson@yahoo.com,0392888944763,North Carolina,Dayborough,"Engineer, mining",1949-10-17,4392181812777882,771
